<?xml version="1.0" encoding="UTF-8" standalone="yes"?>
<addon id="plugin.video.Limitless" name="LIMITLESS TV" version="1.000.005" provider-name="@Nemzzy668 // @_DevKong ">
  <requires>
    <import addon="xbmc.python" version="2.1.0"/>
    <import addon="script.module.addon.common" version="2.0.0" />
  </requires>
  <extension point="xbmc.python.pluginsource" library="default.py">
    <provides>video</provides>
  </extension>
  <extension point="xbmc.addon.metadata">
    <summary lang="en">LIMITLESS TV</summary>
    <description lang="en">A Kodi Bassed MultiMedia Addon.</description>
    <platform>all</platform>
  </extension>
</addon>